<?xml version="1.0" encoding="UTF-8" ?>
<!DOCTYPE mapper
        PUBLIC "-//mybatis.org//DTD Mapper 3.0//EN"
        "http://mybatis.org/dtd/mybatis-3-mapper.dtd">
<mapper namespace="com.cyx.mapper.AdminMapper">

    <insert id="insert">
        insert into admin(username, password, name, avatar, role)
        values(#{username}, #{password}, #{name}, #{avatar}, #{role})
    </insert>

    <delete id="deleteById">
        delete from admin where id = #{id}
    </delete>
    <select id="selectAll" resultType="com.cyx.entity.Admin">
        select id, username, password, name, avatar, role from admin
        <where>
            <if test="name != null">
                name like concat('%',#{name},'%')
            </if>
        </where>
        order by id desc
    </select>

    <update id="updateById">
        update admin
        <set>
            <if test="username != null">username = #{username},</if>
            <if test="password != null">password = #{password},</if>
            <if test="name != null">name = #{name},</if>
            <if test="avatar != null">avatar = #{avatar},</if>
            <if test="role != null">role = #{role}</if>
        </set>
        where id = #{id}
    </update>

</mapper>