<?xml version="1.0" encoding="UTF-8" ?>
<!DOCTYPE mapper
        PUBLIC "-//mybatis.org//DTD Mapper 3.0//EN"
        "http://mybatis.org/dtd/mybatis-3-mapper.dtd">
<mapper namespace="com.cyx.mapper.OrdersMapper">

    <insert id="insert">
        insert into orders (content,total,user_id,time,status,order_no)
        values (#{content}, #{total},#{userId}, #{time},#{status},#{orderNo})
    </insert>


    <update id="updateById">
        update orders
        <set>
            <if test="content != null">content = #{content},</if>
            <if test="total != null">total = #{total},</if>
            <if test="userId != null">user_id = #{userId},</if>
            <if test="time != null">time = #{time},</if>
            <if test="status != null">status = #{status},</if>
            <if test="orderNo != null">order_no = #{orderNo}</if>
        </set>
        where id = #{id}
    </update>

    <delete id="deleteById">
        delete
        from orders
        where id = #{id}
    </delete>

    <select id="selectAll" resultType="com.cyx.entity.Orders">
        select orders.* ,user.name as userName from orders
        left join user on orders.user_id = user.id
        <where>
            <if test="userName != null">
                and user.name like concat('%', #{userName}, '%')
                <if test="userId != null">
                    and orders.user_id = #{userId}
                </if>
            </if>
        </where>
        order by id desc
    </select>

    <select id="selectOrderStatistics" resultType="map">
        SELECT
            DATE_FORMAT(time, '%Y-%m-%d') AS date,
        COUNT(*) AS count
        FROM orders
        WHERE time >= DATE_SUB(CURDATE(), INTERVAL 6 DAY)
        GROUP BY DATE_FORMAT(time, '%Y-%m-%d')
        ORDER BY date ASC
    </select>



</mapper>