<?xml version="1.0" encoding="UTF-8" ?>
<!DOCTYPE mapper
        PUBLIC "-//mybatis.org//DTD Mapper 3.0//EN"
        "http://mybatis.org/dtd/mybatis-3-mapper.dtd">
<mapper namespace="com.cyx.mapper.UserMapper">

    <insert id="insert">
        insert into user(username, password, name, avatar, role, sex, phone, account)
        values (#{username}, #{password}, #{name}, #{avatar}, #{role}, #{sex}, #{phone}, #{account})
    </insert>


    <delete id="deleteById">
        delete from user where id = #{id}
    </delete>
    <select id="selectAll" resultType="com.cyx.entity.User">
        select id, username, password, name, avatar, role, sex, phone, account from user
        <where>
            <if test="name != null">
                name like concat('%',#{name},'%')
            </if>
        </where>
        order by id desc
    </select>

    <update id="updateById">
        update user
        <set>
            <if test="username != null">username = #{username},</if>
            <if test="password != null">password = #{password},</if>
            <if test="name != null">name = #{name},</if>
            <if test="avatar != null">avatar = #{avatar},</if>
            <if test="role != null">role = #{role},</if>
            <if test="phone != null">phone = #{phone},</if>
            <if test="sex != null">sex = #{sex},</if>
            <if test="account != null">account = #{account}</if>
        </set>
        where id = #{id}
    </update>
</mapper>